{"cameraMode":{"drawMode":0,"name":"Shaded","section":"Shading Mode"},"sceneLighting":false,"audioPlay":false,"sceneViewState":{"showFog":true,"showMaterialUpdate":false,"showSkybox":false,"showFlares":true,"showImageEffects":true,"showParticleSystems":true},"in2DMode":false,"pivot":{"x":0.5022737979888916,"y":-2.3473050594329836,"z":-2.241694927215576},"rotation":{"x":0.2315598875284195,"y":0.01196538656949997,"z":-0.0028483013156801464,"w":0.972745418548584},"size":1.723545789718628,"orthographic":true}